{"stats":{"minecraft:crafted":{"minecraft:oak_planks":24,"minecraft:crafting_table":1,"minecraft:stick":4,"minecraft:wooden_pickaxe":1,"minecraft:wooden_axe":1},"minecraft:picked_up":{"minecraft:crafting_table":1,"minecraft:feather":2,"minecraft:chicken":2,"minecraft:iron_ingot":4,"minecraft:poppy":1,"minecraft:oak_log":12,"minecraft:oak_sapling":1,"minecraft:oak_planks":2},"minecraft:custom":{"minecraft:open_chest":1,"minecraft:time_since_rest":6958,"minecraft:crouch_one_cm":94,"minecraft:play_time":8369,"minecraft:sprint_one_cm":37248,"minecraft:damage_taken":163,"minecraft:walk_one_cm":12341,"minecraft:sneak_time":572,"minecraft:bell_ring":9,"minecraft:mob_kills":2,"minecraft:jump":229,"minecraft:damage_dealt":1035,"minecraft:leave_game":2,"minecraft:time_since_death":8369,"minecraft:sleep_in_bed":1,"minecraft:total_world_time":8369,"minecraft:interact_with_crafting_table":2,"minecraft:talked_to_villager":4,"minecraft:fall_one_cm":4468,"minecraft:fly_one_cm":41525},"minecraft:used":{"minecraft:wooden_axe":38,"minecraft:crafting_table":1,"minecraft:oak_sapling":1,"minecraft:chicken":2,"minecraft:oak_planks":9,"minecraft:potato":11},"minecraft:killed":{"minecraft:chicken":2},"minecraft:mined":{"minecraft:grass":6,"minecraft:oak_log":12,"minecraft:tall_grass":1,"minecraft:oak_planks":2,"minecraft:birch_leaves":1,"minecraft:oak_leaves":1,"minecraft:crafting_table":1}},"DataVersion":3465}