{"stats":{"minecraft:crafted":{"minecraft:oak_planks":24,"minecraft:crafting_table":1,"minecraft:stick":4,"minecraft:wooden_pickaxe":1,"minecraft:wooden_axe":1},"minecraft:picked_up":{"minecraft:feather":2,"minecraft:crafting_table":1,"minecraft:chicken":2,"minecraft:oak_log":12,"minecraft:oak_sapling":1},"minecraft:custom":{"minecraft:time_since_rest":5331,"minecraft:open_chest":1,"minecraft:play_time":6742,"minecraft:sprint_one_cm":32802,"minecraft:damage_taken":20,"minecraft:walk_one_cm":9897,"minecraft:bell_ring":9,"minecraft:mob_kills":2,"minecraft:jump":183,"minecraft:damage_dealt":80,"minecraft:leave_game":1,"minecraft:time_since_death":6742,"minecraft:sleep_in_bed":1,"minecraft:total_world_time":6742,"minecraft:talked_to_villager":4,"minecraft:interact_with_crafting_table":2,"minecraft:fall_one_cm":3170,"minecraft:fly_one_cm":36962},"minecraft:used":{"minecraft:wooden_axe":19,"minecraft:crafting_table":1,"minecraft:oak_sapling":1,"minecraft:potato":11},"minecraft:killed":{"minecraft:chicken":2},"minecraft:mined":{"minecraft:grass":6,"minecraft:oak_log":12,"minecraft:tall_grass":1,"minecraft:birch_leaves":1,"minecraft:crafting_table":1,"minecraft:oak_leaves":1}},"DataVersion":3465}