{"stats":{"minecraft:picked_up":{"minecraft:iron_ingot":4,"minecraft:poppy":1,"minecraft:dirt":2},"minecraft:dropped":{"minecraft:poppy":1,"minecraft:iron_ingot":4},"minecraft:custom":{"minecraft:jump":96,"minecraft:time_since_rest":2274,"minecraft:damage_dealt":55,"minecraft:leave_game":2,"minecraft:play_time":2274,"minecraft:sprint_one_cm":9909,"minecraft:time_since_death":2274,"minecraft:walk_one_cm":2437,"minecraft:total_world_time":2274,"minecraft:mob_kills":1,"minecraft:drop":5,"minecraft:fall_one_cm":1581,"minecraft:fly_one_cm":17712},"minecraft:used":{"minecraft:dirt":2},"minecraft:killed":{"minecraft:iron_golem":1},"minecraft:mined":{"minecraft:grass_block":2}},"DataVersion":3465}